audio_id,category_dir,duration_bucket,clip_filename,emotion_raw,sheAlert_class,transcription,repo_audio_path,local_audio_path,em_str,em_lower,matched_distress,matched_aggression,matched_normal
DRAMA_001138,corpus/US-Std/long/drama,long,SPEAKER_0148_DRAMA_001138.wav,calmly threatening and confident,Aggression,سب مل کر بھی میرا مقابلہ نہیں کر سکتے۔ کیونکہ جہاں تمہاری سوچ ختم ہوتی ہے نا وہاں سے میری سوچ اور میرا عمل شروع ہوتا ہے۔ اور یہ بات جب تک تمہاری سمجھ میں آئے گی اس وقت تک پلوں کے نیچے سے بہت سا پانی بہہ چکا ہوگا۔,corpus/US-Std/long/drama/audio/SPEAKER_0148_DRAMA_001138.wav,/content/urduspeech_std_download/corpus/US-Std/long/drama/audio/SPEAKER_0148_DRAMA_001138.wav,calmly threatening and confident,calmly threatening and confident,[],['threat'],['calm']
DRAMA_003658,corpus/US-Std/long/drama,long,SPEAKER_0320_DRAMA_003658.wav,"narrative and descriptive, with subtle shifts to portray characters' anger and feigned calmness",Aggression,جب سے سونیا کی ماں سادیہ بیگم کو یہ بات پتہ چلی کہ سونیا کی رخصتی ارباز کے ماں باپ کے گھر کے بجائے ملک بلال کے گھر میں ہوئی ہے تب سے ان کا غصہ ساتویں آسمان پر تھا۔ ولیمے والے دن سب مہمانوں کے سامنے سادیہ بیگم اچانک ہنگامہ کھڑا کر دیتی ہیں۔ وہ سیدھے ملک بلال سے کہتی ہیں۔ بلال تم مجھے دھوکہ نہیں دے سکتے۔ ہماری شرط طے ہوئی تھی کہ یہ گھر سونیا کے نام لکھا جائے گا اور رخصتی بھی یہی ہوگی۔ ملک بلال بڑے اطمینان سے مسکراتا ہے اور کہتا ہے سادیہ جی آپ اتنا پریشان کیوں ہو رہی ہیں؟,corpus/US-Std/long/drama/audio/SPEAKER_0320_DRAMA_003658.wav,/content/urduspeech_std_download/corpus/US-Std/long/drama/audio/SPEAKER_0320_DRAMA_003658.wav,"narrative and descriptive, with subtle shifts to portray characters' anger and feigned calmness","narrative and descriptive, with subtle shifts to portray characters' anger and feigned calmness",[],['anger'],['calm']
DRAMA_003664,corpus/US-Std/long/drama,long,SPEAKER_0320_DRAMA_003664.wav,"Initially neutral and descriptive, shifting to convey characters' surprise, shock, and whispered anger during dialogue.",Aggression,تبھی اچانک اسٹیج پر سب کی نظروں کے سامنے ملک بلال ایک فائل اٹھاتا ہے اور سونیا کے ہاتھ میں تھما دیتا ہے۔ سونیا گھبرا کر پوچھتی ہیں، یہ یہ کیا ہے؟ بلال مسکراتے ہوئے کہتا ہے، یہ ارباز کے ماں باپ کا گھر ہے جو اب تمہارے نام ہونے جا رہا ہے۔ پورا ہال سن رہ جاتا ہے۔ سادیہ بیگم کی آنکھیں پھٹی کی پھٹی رہ جاتی ہیں اور دوسری طرف ارباز کا چہرہ سفید پڑ جاتا ہے۔ ارباز دھیمی آواز میں کہتا ہے، چچا میں نے منع کیا تھا میں سائن نہیں کروں گا۔ بلال غصے میں پھسپھساتا ہے۔,corpus/US-Std/long/drama/audio/SPEAKER_0320_DRAMA_003664.wav,/content/urduspeech_std_download/corpus/US-Std/long/drama/audio/SPEAKER_0320_DRAMA_003664.wav,"Initially neutral and descriptive, shifting to convey characters' surprise, shock, and whispered anger during dialogue.","initially neutral and descriptive, shifting to convey characters' surprise, shock, and whispered anger during dialogue.",[],['anger'],['neutral']
DRAMA_003857,corpus/US-Std/long/drama,long,SPEAKER_0348_DRAMA_003857.wav,"Intense anger and accusation, laced with frustration and a hint of distress",Distress,تم نہ تم میرے لیے وہ انسان بن گئی ہو جس نے ہمارے گھر کا چین چھین لیا ہے اور یہ میری نفرت دن بدن بڑھتی جائے گی کیونکہ تمہاری اس انا نے ہم سب کو بہت اندھیرے راستوں میں گھسیٹ لیا ہے۔ وہ میرے بھی بابا ہیں۔ مجھے بھی فکر ہے ان کی۔ تم,corpus/US-Std/long/drama/audio/SPEAKER_0348_DRAMA_003857.wav,/content/urduspeech_std_download/corpus/US-Std/long/drama/audio/SPEAKER_0348_DRAMA_003857.wav,"Intense anger and accusation, laced with frustration and a hint of distress","intense anger and accusation, laced with frustration and a hint of distress",['distress'],['anger'],[]
DRAMA_005386,corpus/US-Std/long/drama,long,SPEAKER_0465_DRAMA_005386.wav,"Intense distress and anger, escalating into panicked hysteria",Distress,بابا صاحب اس نے مجھ سے بدلہ لینے کے لیے سب کیا ہے۔ میں تو وہاں جانا بھی نہیں چاہتی تھی۔ میں اسے زبردستی لے کے گئی تھی۔ آپ کو پتہ ہے؟ اس نے نمرا کے دوپٹے میں آگ لگا دی۔,corpus/US-Std/long/drama/audio/SPEAKER_0465_DRAMA_005386.wav,/content/urduspeech_std_download/corpus/US-Std/long/drama/audio/SPEAKER_0465_DRAMA_005386.wav,"Intense distress and anger, escalating into panicked hysteria","intense distress and anger, escalating into panicked hysteria","['panic', 'distress']",['anger'],[]
DRAMA_010700,corpus/US-Std/long/drama,long,SPEAKER_1064_DRAMA_010700.wav,"Initially calm and narrative, escalating slightly to a tense and dramatic feeling when describing conflict and anger.",Aggression,تھے جن سے اس کی شخصیت کو کاٹنے کی کوشش کی جا رہی تھی اور اسی احساس نے اس کے اندر ایک عجیب سی مضبوطی پیدا کر دی تھی۔ ایک شام بسمہ نے خاندان کے سامنے پہلی بار کھل کر بات کی۔ اس کی اواز میں لرزش تھی مگر لفظ واضح تھے۔ اس نے کہا کہ وہ عزت کے نام پر بے عزتی اور حفاظت کے نام پر قید قبول نہیں کر سکتی۔ یہ الفاظ سنتے ہی کمرے میں ہنگامہ سا برپا ہو گیا۔ کوئی اسے نافرمان کہہ رہا تھا تو کوئی اکبر علی کے فیصلوں کی تعریف کر رہا تھا۔ اکبر علی کا چہرہ غصے سے سرخ ہو چکا تھا۔ کیونکہ اس کی طاقت کو عوامی طور پر چیلنج کیا گیا تھا۔,corpus/US-Std/long/drama/audio/SPEAKER_1064_DRAMA_010700.wav,/content/urduspeech_std_download/corpus/US-Std/long/drama/audio/SPEAKER_1064_DRAMA_010700.wav,"Initially calm and narrative, escalating slightly to a tense and dramatic feeling when describing conflict and anger.","initially calm and narrative, escalating slightly to a tense and dramatic feeling when describing conflict and anger.",[],['anger'],['calm']
DRAMA_011010,corpus/US-Std/long/drama,long,SPEAKER_1127_DRAMA_011010.wav,"The first speaker expresses hesitance and concern, the second speaker is calm and patient, and the final speaker conveys sudden panic and urgency.",Distress,لیکن تھوڑا سا وقت دیں آپ مجھے۔ تھوڑے حالات سیٹل ہو جائیں تو میں ضرور بات کروں گی ان سے۔ ہاں ہاں بالکل آپ تسلی سے بات کریں۔ مجھے آپ کے جواب کا انتظار رہے گا۔ میں میں خود آپ کو کال کرکے بتاؤں گی۔ اماں کدھر ہیں یار؟ نادر گاڑی لے کے، نادر گاڑی لے کے۔ آئرا۔,corpus/US-Std/long/drama/audio/SPEAKER_1127_DRAMA_011010.wav,/content/urduspeech_std_download/corpus/US-Std/long/drama/audio/SPEAKER_1127_DRAMA_011010.wav,"The first speaker expresses hesitance and concern, the second speaker is calm and patient, and the final speaker conveys sudden panic and urgency.","the first speaker expresses hesitance and concern, the second speaker is calm and patient, and the final speaker conveys sudden panic and urgency.",['panic'],[],['calm']
DRAMA_013893,corpus/US-Std/long/drama,long,SPEAKER_1466_DRAMA_013893.wav,"Intense agitation, anger, and distress",Distress,وہ ڈاکو؟ ہاں؟ اس نے تو میرے، اس نے تو میرے خاوند کو مارا ہے۔ پھر تو اچھا کیا کہ تم مجھے یہاں پہ لے آئی ہو۔ چلو آؤ کہ ہم جائیں۔ بےبے، بےبے کو چھوڑو۔ بےبے کو تو بلا کھا گئی۔ کیا؟ بی بی، بی بی۔ ابے چپ کرو۔ نہیں، میں تو پاگل ہوں۔ میں تو چپ ہی نہیں ہوتی۔ خوشحال میں تو نیند میں بھی بولتی رہتی ہوں۔ چپ کرو۔ نہ میرا کوئی خوشحال وشحال نہیں ہے، میں ابھی اس کو دیکھ لوں گی۔,corpus/US-Std/long/drama/audio/SPEAKER_1466_DRAMA_013893.wav,/content/urduspeech_std_download/corpus/US-Std/long/drama/audio/SPEAKER_1466_DRAMA_013893.wav,"Intense agitation, anger, and distress","intense agitation, anger, and distress",['distress'],['anger'],[]
DRAMA_013591,corpus/US-Std/long/drama,long,SPEAKER_1420_DRAMA_013591.wav,"Intense agitation, transitioning between disbelief, anger, and panicked defensiveness",Distress,یہ کیا کر رہی ہو؟ ارے بیٹا یہ کیا کر رہی ہو تم؟ ہٹو! کیا یار جانتے نہیں ہو اس کو آپ؟ ہٹو بیٹا ہٹو۔ یہ کیا ہو رہا ہے یہاں پر؟ جاؤ یہاں سے۔ ان باتوں پہ پردہ ڈالنے کے لیے، یہ اس حد تک گر سکتا ہے میں نے سوچا نہیں تھا۔ یہ کیا؟ کیا؟ تمہیں کیا لگتا ہے میں نے واقعی کیا ہے؟,corpus/US-Std/long/drama/audio/SPEAKER_1420_DRAMA_013591.wav,/content/urduspeech_std_download/corpus/US-Std/long/drama/audio/SPEAKER_1420_DRAMA_013591.wav,"Intense agitation, transitioning between disbelief, anger, and panicked defensiveness","intense agitation, transitioning between disbelief, anger, and panicked defensiveness",['panic'],['anger'],[]
FILM_002691,corpus/US-Std/long/film,long,SPEAKER_0210_FILM_002691.wav,"Shifts dramatically from aggression and irritation to reflective calm, childlike distress, and finally deep affection.",Distress,بھائی کھائیں گے تو بتائیں گے نا۔ نکل یہاں سے چل۔ سر وہ میری پیسی۔ بھائی سب کی قسمت ایک جیسی تھوڑی ہوتی ہے۔ میری مثال لیجیئے۔ بھوک لگی ہے۔ ماں کا بے پناہ پیار۔,corpus/US-Std/long/film/audio/SPEAKER_0210_FILM_002691.wav,/content/urduspeech_std_download/corpus/US-Std/long/film/audio/SPEAKER_0210_FILM_002691.wav,"Shifts dramatically from aggression and irritation to reflective calm, childlike distress, and finally deep affection.","shifts dramatically from aggression and irritation to reflective calm, childlike distress, and finally deep affection.",['distress'],['aggress'],['calm']
FILM_005969,corpus/US-Std/long/film,long,SPEAKER_0526_FILM_005969.wav,"Shifts rapidly from intense fear and panic to vengeful aggression, then abruptly back to subservient anxiety.",Distress,مجھے کرنا چاہیے تھا۔ میں پہچان گیا ہوں پہچان گیا ہوں آپ سلو نہیں گلپور کے نواب ہیں۔ ہم سے بہت بڑی غلطی ہو گئی معاف کر دیجیے گا۔ مگر آج ہی کے زبان ہے آپ سے ایک بار ایک بار سلو میرے ہاتھ میں آ جائے اس کی گردن کاٹ کے لا کر آپ کے قدموں میں رکھ دوں گا۔ وہ منڈی پہ رکھ کر ایسا چاپر چلاؤں گا کہ کوئی پہچان نہیں سکے گا کہ گوشت بچھیا کا ہے یا سلو کا۔ میری بات سنیں۔ ارے جوس دو جلدی لاو جلدی لاو۔ جوس پئیں سر مجھے امید ہے کہ آپ نے ہم سب کو,corpus/US-Std/long/film/audio/SPEAKER_0526_FILM_005969.wav,/content/urduspeech_std_download/corpus/US-Std/long/film/audio/SPEAKER_0526_FILM_005969.wav,"Shifts rapidly from intense fear and panic to vengeful aggression, then abruptly back to subservient anxiety.","shifts rapidly from intense fear and panic to vengeful aggression, then abruptly back to subservient anxiety.","['fear', 'panic']",['aggress'],[]
PROSES_000969,corpus/US-Std/long/proses,long,SPEAKER_0027_PROSES_000969.wav,"Begins with a neutral, narrative composure, shifting to a tone of sudden eagerness and anxious curiosity.",Distress,فجر کی نماز پڑھ کر عبدل کھانستا کھانستا گھر کی جانب پاؤں گھسیٹے جا رہا تھا کہ پٹواری لال دین نے پیچھے سے آواز دی۔ عبدل رک گیا۔ لال دین کہنے لگا، عبدل میں کراچی گیا تھا اپنے بیٹے چراغ دین سے ملنے۔ اس مرتبہ محمد حسین سے بھی ملاقات ہو گئی۔ عبدل کا دل اچھلا اور حلق میں آ پھنسا۔ جلدی سے پوچھا، کہاں رہتے ہیں وہ؟ کس حال میں ہیں؟ سعیدہ کیسا ہے؟ نوری کا کیا حال ہے؟ ایک ہی سانس میں اتنے سوال۔ یہی وہ سارے سوال تھے جو بارہ سالوں سے اس کے سینے کو اندر سے ڈس۔,corpus/US-Std/long/proses/audio/SPEAKER_0027_PROSES_000969.wav,/content/urduspeech_std_download/corpus/US-Std/long/proses/audio/SPEAKER_0027_PROSES_000969.wav,"Begins with a neutral, narrative composure, shifting to a tone of sudden eagerness and anxious curiosity.","begins with a neutral, narrative composure, shifting to a tone of sudden eagerness and anxious curiosity.",['anxious'],[],['neutral']
PROSES_001030,corpus/US-Std/long/proses,long,SPEAKER_0029_PROSES_001030.wav,"initially conveys intense anger and fierceness, then shifts to portray fear and desperation",Distress,اور غیض سے یہاں سرخ ہوا روئے علمدار۔ غصے سے کھڑے ہو گئے سب موئے علمدار۔ بل کھانے لگے گیسوئے خوشبوئے علمدار۔ ابرو پہ تو بل آ گیا شمشیر کی صورت۔ دیکھا طرفِ شمرِ لعین شیر کی صورت۔ شعلے کی طرح کانپ گیا ڈر سے وہ ناری۔ پیچھے بھی ہٹا اور بڑھا بھی کئی باری۔ دہشت میں یہ تقریر زباں سے ہوئی جاری، حاکم نے مجھے بھیجا ہے اے عاشقِ باری۔ غصے,corpus/US-Std/long/proses/audio/SPEAKER_0029_PROSES_001030.wav,/content/urduspeech_std_download/corpus/US-Std/long/proses/audio/SPEAKER_0029_PROSES_001030.wav,"initially conveys intense anger and fierceness, then shifts to portray fear and desperation","initially conveys intense anger and fierceness, then shifts to portray fear and desperation",['fear'],['anger'],[]
COMEDY_SHOW,corpus/US-Std/short/comedy_show,short,SPEAKER_0276_COMEDY_SHOW_008556.wav,"highly agitated and distressed, conveying shock and anger",Distress,بند کرو یہ سارے لائٹاں کیمرے,corpus/US-Std/short/comedy_show/audio/SPEAKER_0276_COMEDY_SHOW_008556.wav,/content/urduspeech_std_download/corpus/US-Std/short/comedy_show/audio/SPEAKER_0276_COMEDY_SHOW_008556.wav,"highly agitated and distressed, conveying shock and anger","highly agitated and distressed, conveying shock and anger",['distress'],['anger'],[]
DRAMA_000535,corpus/US-Std/short/drama,short,SPEAKER_0074_DRAMA_000535.wav,"Shifts dramatically from a state of assertive confidence to extreme distress, fear, and anger.",Distress,ان کی روشنی میں باہر نکلوں تو بچہ بچہ پہچان جائے کہ یہ وہی پاکیزہ ہے جس کی کیا چاچا وہ گولی مار دیتے تجھے بھی اور مجھے بھی تو مار دیتے,corpus/US-Std/short/drama/audio/SPEAKER_0074_DRAMA_000535.wav,/content/urduspeech_std_download/corpus/US-Std/short/drama/audio/SPEAKER_0074_DRAMA_000535.wav,"Shifts dramatically from a state of assertive confidence to extreme distress, fear, and anger.","shifts dramatically from a state of assertive confidence to extreme distress, fear, and anger.","['fear', 'distress']",['anger'],[]
DRAMA_005113,corpus/US-Std/short/drama,short,SPEAKER_0446_DRAMA_005113.wav,Transitions from sharp anger to panicked desperation and fervent denial,Distress,پوچھیں اس سے اس نے کیا حرکت کی ہے۔ ابا صاحب میں نے کچھ بھی نہیں کیا۔,corpus/US-Std/short/drama/audio/SPEAKER_0446_DRAMA_005113.wav,/content/urduspeech_std_download/corpus/US-Std/short/drama/audio/SPEAKER_0446_DRAMA_005113.wav,Transitions from sharp anger to panicked desperation and fervent denial,transitions from sharp anger to panicked desperation and fervent denial,['panic'],['anger'],[]
DRAMA_005140,corpus/US-Std/short/drama,short,SPEAKER_0446_DRAMA_005140.wav,Hysterical anger and panic,Distress,وہ تمہارے اوپر کیس کر دیں گے، تمہیں جیل بھیج دیں گے، تم نے اپنے ہی پاؤں پہ کلہاڑی مار دی۔,corpus/US-Std/short/drama/audio/SPEAKER_0446_DRAMA_005140.wav,/content/urduspeech_std_download/corpus/US-Std/short/drama/audio/SPEAKER_0446_DRAMA_005140.wav,Hysterical anger and panic,hysterical anger and panic,['panic'],['anger'],[]
DRAMA_005341,corpus/US-Std/short/drama,short,SPEAKER_0460_DRAMA_005341.wav,Intense distress and anger,Distress,تم نے کیا ہی نہیں ہے,corpus/US-Std/short/drama/audio/SPEAKER_0460_DRAMA_005341.wav,/content/urduspeech_std_download/corpus/US-Std/short/drama/audio/SPEAKER_0460_DRAMA_005341.wav,Intense distress and anger,intense distress and anger,['distress'],['anger'],[]
DRAMA_005632,corpus/US-Std/short/drama,short,SPEAKER_0485_DRAMA_005632.wav,"Intense anger, distress, and hysteria",Distress,وہ تمہارے اوپر کیس کر دیں گے تمہیں جیل بھیج دیں گے تم نے اپنے ہی پاؤں پہ کلہاڑی مار دی,corpus/US-Std/short/drama/audio/SPEAKER_0485_DRAMA_005632.wav,/content/urduspeech_std_download/corpus/US-Std/short/drama/audio/SPEAKER_0485_DRAMA_005632.wav,"Intense anger, distress, and hysteria","intense anger, distress, and hysteria",['distress'],['anger'],[]
DRAMA_011234,corpus/US-Std/short/drama,short,SPEAKER_1162_DRAMA_011234.wav,"Begins with intense fear and desperation from the female speaker, transitioning to overt anger and aggression from the male",Distress,بہت پیار کرتی ہوں میں تم سے۔ نکلو یہاں سے۔ چلو۔ نکلو۔,corpus/US-Std/short/drama/audio/SPEAKER_1162_DRAMA_011234.wav,/content/urduspeech_std_download/corpus/US-Std/short/drama/audio/SPEAKER_1162_DRAMA_011234.wav,"Begins with intense fear and desperation from the female speaker, transitioning to overt anger and aggression from the male","begins with intense fear and desperation from the female speaker, transitioning to overt anger and aggression from the male",['fear'],"['anger', 'aggress']",[]
DRAMA_013793,corpus/US-Std/short/drama,short,SPEAKER_1454_DRAMA_013793.wav,Angry and distressed,Distress,یہ بہت غلط کر رہے ہو چھوڑو مجھے,corpus/US-Std/short/drama/audio/SPEAKER_1454_DRAMA_013793.wav,/content/urduspeech_std_download/corpus/US-Std/short/drama/audio/SPEAKER_1454_DRAMA_013793.wav,Angry and distressed,angry and distressed,['distress'],['angry'],[]
DRAMA_007729,corpus/US-Std/short/drama,short,SPEAKER_0728_DRAMA_007729.wav,"Initially confrontational and angry, transitioning abruptly to a commanding and then a patronizingly calm demeanor.",Aggression,اور پھر وہ کیا تھا جو میں نے اپنے کانوں سے سنا جو غصے میں تم بڑبڑا رہی تھی آپ وہ تو میں یہ پکڑو جوس لو پیو,corpus/US-Std/short/drama/audio/SPEAKER_0728_DRAMA_007729.wav,/content/urduspeech_std_download/corpus/US-Std/short/drama/audio/SPEAKER_0728_DRAMA_007729.wav,"Initially confrontational and angry, transitioning abruptly to a commanding and then a patronizingly calm demeanor.","initially confrontational and angry, transitioning abruptly to a commanding and then a patronizingly calm demeanor.",[],['angry'],['calm']
DRAMA_013185,corpus/US-Std/short/drama,short,SPEAKER_1384_DRAMA_013185.wav,Panicked and angry,Distress,یہ کیا کر رہے ہو؟ میں کہہ رہا ہوں,corpus/US-Std/short/drama/audio/SPEAKER_1384_DRAMA_013185.wav,/content/urduspeech_std_download/corpus/US-Std/short/drama/audio/SPEAKER_1384_DRAMA_013185.wav,Panicked and angry,panicked and angry,['panic'],['angry'],[]
DRAMA_009532,corpus/US-Std/short/drama,short,SPEAKER_0944_DRAMA_009532.wav,Intense anger and frantic distress.,Distress,تم جو دھنیا لائے تھے وہ پیلا نکلا ہے۔,corpus/US-Std/short/drama/audio/SPEAKER_0944_DRAMA_009532.wav,/content/urduspeech_std_download/corpus/US-Std/short/drama/audio/SPEAKER_0944_DRAMA_009532.wav,Intense anger and frantic distress.,intense anger and frantic distress.,['distress'],['anger'],[]
DRAMA_012859,corpus/US-Std/short/drama,short,SPEAKER_1360_DRAMA_012859.wav,Intense anger and distress,Distress,یہ بہت غلط کر رہے ہو چھوڑو مجھے,corpus/US-Std/short/drama/audio/SPEAKER_1360_DRAMA_012859.wav,/content/urduspeech_std_download/corpus/US-Std/short/drama/audio/SPEAKER_1360_DRAMA_012859.wav,Intense anger and distress,intense anger and distress,['distress'],['anger'],[]
DRAMA_013900,corpus/US-Std/short/drama,short,SPEAKER_1466_DRAMA_013900.wav,escalating from agitation to frantic anger and distress,Distress,کہتی ہے کہ آؤ۔ اس کو تو میں نے ابھی صحیح پیٹا نہیں ہے۔ ارے وہ دیکھو۔ خدایا میرے ہاتھ تو چھوڑو میں کوئی پاگل تو نہیں ہوں۔ پرے ہو، پرے ہٹو۔,corpus/US-Std/short/drama/audio/SPEAKER_1466_DRAMA_013900.wav,/content/urduspeech_std_download/corpus/US-Std/short/drama/audio/SPEAKER_1466_DRAMA_013900.wav,escalating from agitation to frantic anger and distress,escalating from agitation to frantic anger and distress,['distress'],['anger'],[]
DRAMA_014517,corpus/US-Std/short/drama,short,SPEAKER_1514_DRAMA_014517.wav,"Highly agitated and indignant, expressing profound distress and anger.",Distress,آپ اتنی بڑی واردات کو جو میری بیٹی کو قتل کرنے کے لیے کی گئی ہے آپ اسے ڈاکے کا رنگ دے رہے ہیں۔,corpus/US-Std/short/drama/audio/SPEAKER_1514_DRAMA_014517.wav,/content/urduspeech_std_download/corpus/US-Std/short/drama/audio/SPEAKER_1514_DRAMA_014517.wav,"Highly agitated and indignant, expressing profound distress and anger.","highly agitated and indignant, expressing profound distress and anger.",['distress'],['anger'],[]
FILM_000474,corpus/US-Std/short/film,short,SPEAKER_0041_FILM_000474.wav,"Intense distress, anguish, and anger",Distress,او جی کہیں پتھر وتھر تو نہیں ڈال دیا ہے اندر؟,corpus/US-Std/short/film/audio/SPEAKER_0041_FILM_000474.wav,/content/urduspeech_std_download/corpus/US-Std/short/film/audio/SPEAKER_0041_FILM_000474.wav,"Intense distress, anguish, and anger","intense distress, anguish, and anger",['distress'],['anger'],[]
FILM_000469,corpus/US-Std/short/film,short,SPEAKER_0044_FILM_000469.wav,"Distressed, angry, and pleading",Distress,اصل میں اگر مرنا ہے تو کسی گاڑی کے نیچے آ کے مرو میرے سر پہ کیوں خون کا مقدمہ ڈالے ہے,corpus/US-Std/short/film/audio/SPEAKER_0044_FILM_000469.wav,/content/urduspeech_std_download/corpus/US-Std/short/film/audio/SPEAKER_0044_FILM_000469.wav,"Distressed, angry, and pleading","distressed, angry, and pleading",['distress'],['angry'],[]
FILM_001491,corpus/US-Std/short/film,short,SPEAKER_0143_FILM_001491.wav,"Intense anger and distress, escalating into hysteria and disbelief",Distress,تمہارا دماغ خراب تھا؟ ہاں؟ تمہارا دماغ خراب ہے؟ کیوں ہونے دیا اپنے ساتھ یہ؟ کیوں؟,corpus/US-Std/short/film/audio/SPEAKER_0143_FILM_001491.wav,/content/urduspeech_std_download/corpus/US-Std/short/film/audio/SPEAKER_0143_FILM_001491.wav,"Intense anger and distress, escalating into hysteria and disbelief","intense anger and distress, escalating into hysteria and disbelief",['distress'],['anger'],[]
FILM_002204,corpus/US-Std/short/film,short,SPEAKER_0174_FILM_002204.wav,"Agitated, angry, and distressed",Distress,چھوڑو میرے بھائی جان کو۔ چھوڑ دے! چھوڑو میرے بھائی جان کو! اٹھ! یہاں سے!,corpus/US-Std/short/film/audio/SPEAKER_0174_FILM_002204.wav,/content/urduspeech_std_download/corpus/US-Std/short/film/audio/SPEAKER_0174_FILM_002204.wav,"Agitated, angry, and distressed","agitated, angry, and distressed",['distress'],['angry'],[]
FILM_002207,corpus/US-Std/short/film,short,SPEAKER_0198_FILM_002207.wav,highly distressed and angry,Distress,کیا ہوا ہے؟ مجھے اکیلا چھوڑ دے بس,corpus/US-Std/short/film/audio/SPEAKER_0198_FILM_002207.wav,/content/urduspeech_std_download/corpus/US-Std/short/film/audio/SPEAKER_0198_FILM_002207.wav,highly distressed and angry,highly distressed and angry,['distress'],['angry'],[]
FILM_003355,corpus/US-Std/short/film,short,SPEAKER_0242_FILM_003355.wav,"Agitated and alarmed, bordering on panic and anger",Distress,مذاق کیے جا رہے ہو؟ وہ لوگ گولیاں چلا رہے تھے۔ کسی کو بھی لگ سکتی تھی۔,corpus/US-Std/short/film/audio/SPEAKER_0242_FILM_003355.wav,/content/urduspeech_std_download/corpus/US-Std/short/film/audio/SPEAKER_0242_FILM_003355.wav,"Agitated and alarmed, bordering on panic and anger","agitated and alarmed, bordering on panic and anger",['panic'],['anger'],[]
FILM_005240,corpus/US-Std/short/film,short,SPEAKER_0446_FILM_005240.wav,aggressive and panicked,Distress,ابے پکڑو اسے بھاگنے نہ پائے بپن سب کو لے کے باہر آ,corpus/US-Std/short/film/audio/SPEAKER_0446_FILM_005240.wav,/content/urduspeech_std_download/corpus/US-Std/short/film/audio/SPEAKER_0446_FILM_005240.wav,aggressive and panicked,aggressive and panicked,['panic'],['aggress'],[]
FILM_005398,corpus/US-Std/short/film,short,SPEAKER_0463_FILM_005398.wav,Intense anger and distress,Distress,ارے چھوڑو اس کو، چھوڑ دو,corpus/US-Std/short/film/audio/SPEAKER_0463_FILM_005398.wav,/content/urduspeech_std_download/corpus/US-Std/short/film/audio/SPEAKER_0463_FILM_005398.wav,Intense anger and distress,intense anger and distress,['distress'],['anger'],[]
FILM_005524,corpus/US-Std/short/film,short,SPEAKER_0474_FILM_005524.wav,Intense anger and distress,Distress,اور پھر وہ بولے بھائی آ گیا ہوں,corpus/US-Std/short/film/audio/SPEAKER_0474_FILM_005524.wav,/content/urduspeech_std_download/corpus/US-Std/short/film/audio/SPEAKER_0474_FILM_005524.wav,Intense anger and distress,intense anger and distress,['distress'],['anger'],[]
FILM_005662,corpus/US-Std/short/film,short,SPEAKER_0493_FILM_005662.wav,"Highly agitated, panicked, and aggressive",Distress,اوئے چورا! پکڑو اسے! اوئے منچھاں آلے رک جا!,corpus/US-Std/short/film/audio/SPEAKER_0493_FILM_005662.wav,/content/urduspeech_std_download/corpus/US-Std/short/film/audio/SPEAKER_0493_FILM_005662.wav,"Highly agitated, panicked, and aggressive","highly agitated, panicked, and aggressive",['panic'],['aggress'],[]
PODCAST_003459,corpus/US-Std/short/podcast,short,SPEAKER_0040_PODCAST_003459.wav,Shifts instantly from a neutral state to intense anger and indignation.,Aggression,اللہ مالک ہے کیا موبائل ابے شٹ,corpus/US-Std/short/podcast/audio/SPEAKER_0040_PODCAST_003459.wav,/content/urduspeech_std_download/corpus/US-Std/short/podcast/audio/SPEAKER_0040_PODCAST_003459.wav,Shifts instantly from a neutral state to intense anger and indignation.,shifts instantly from a neutral state to intense anger and indignation.,[],['anger'],['neutral']
VLOGS_000367,corpus/US-Std/short/vlogs,short,SPEAKER_0021_VLOGS_000367.wav,"Hysterical, angry, and distressed",Distress,مما ٹماٹر ہاتھ کاٹ مما نسیں کاٹوں گا نا میں تمہیں مارنے نہیں دوں گا بابا کو میں تمہیں بابا کو مارنے نہیں دوں گا,corpus/US-Std/short/vlogs/audio/SPEAKER_0021_VLOGS_000367.wav,/content/urduspeech_std_download/corpus/US-Std/short/vlogs/audio/SPEAKER_0021_VLOGS_000367.wav,"Hysterical, angry, and distressed","hysterical, angry, and distressed",['distress'],['angry'],[]
VLOGS_001583,corpus/US-Std/short/vlogs,short,SPEAKER_0069_VLOGS_001583.wav,"Shifts from a neutral statement to sudden, intense anger and exasperation.",Aggression,زیرو چنڈ ماروں میں زیرو ابے کیا میں بھینس کی دم کیا,corpus/US-Std/short/vlogs/audio/SPEAKER_0069_VLOGS_001583.wav,/content/urduspeech_std_download/corpus/US-Std/short/vlogs/audio/SPEAKER_0069_VLOGS_001583.wav,"Shifts from a neutral statement to sudden, intense anger and exasperation.","shifts from a neutral statement to sudden, intense anger and exasperation.",[],['anger'],['neutral']
VLOGS_002244,corpus/US-Std/short/vlogs,short,SPEAKER_0103_VLOGS_002244.wav,Overwhelming anger and extreme distress,Distress,سنے اس کو۔,corpus/US-Std/short/vlogs/audio/SPEAKER_0103_VLOGS_002244.wav,/content/urduspeech_std_download/corpus/US-Std/short/vlogs/audio/SPEAKER_0103_VLOGS_002244.wav,Overwhelming anger and extreme distress,overwhelming anger and extreme distress,['distress'],['anger'],[]
VLOGS_003908,corpus/US-Std/short/vlogs,short,SPEAKER_0210_VLOGS_003908.wav,"High distress, anger, and desperation",Distress,جب میں نے نوکری چھوڑی سر۔ کبھی آپ کو چھٹی نہیں ہوئی؟ سر میں,corpus/US-Std/short/vlogs/audio/SPEAKER_0210_VLOGS_003908.wav,/content/urduspeech_std_download/corpus/US-Std/short/vlogs/audio/SPEAKER_0210_VLOGS_003908.wav,"High distress, anger, and desperation","high distress, anger, and desperation",['distress'],['anger'],[]
VLOGS_004008,corpus/US-Std/short/vlogs,short,SPEAKER_0215_VLOGS_004008.wav,"Agitated, angry, and distressed",Distress,ٹھیک کے بعد ٹائم ختم ہونے کے بعد,corpus/US-Std/short/vlogs/audio/SPEAKER_0215_VLOGS_004008.wav,/content/urduspeech_std_download/corpus/US-Std/short/vlogs/audio/SPEAKER_0215_VLOGS_004008.wav,"Agitated, angry, and distressed","agitated, angry, and distressed",['distress'],['angry'],[]
